code;core;country;name
ABT;ABT;CAN;ALBERTA DOWNS
AIK;AIK;USA;AIKEN
AJX;AJX;CAN;AJAX DOWNS
AKS;AKS;USA;AK-SAR-BEN
ALB;ALB;USA;ALBUQUERQUE
ANF;ANF;USA;ANTHONY DOWNS
AP ;AP ;USA;ARLINGTON
AQU;AQU;USA;AQUEDUCT
ARP;ARP;USA;ARAPAHOE PARK
ASD;ASD;CAN;ASSINIBOIA DOWNS
ATH;ATH;USA;ATLANTA
ATL;ATL;USA;ATLANTIC CITY
ATO;ATO;USA;ATOKAD DOWNS
AVN;AVN;USA;AVON
BCF;BCF;USA;BROWN COUNTY FAIR
BEL;BEL;USA;BELMONT PARK
BEU;BEU;USA;BEULAH PARK
BF ;BF ;USA;BROCKTON FAIR
BGD;BGD;USA;BLUE GRASS DOWNS
BHP;HOL;USA;BETFAIR HOLLYWOOD PARK
BIR;BIR;USA;BIRMINGHAM TURF CLUB
BKF;BKF;USA;BLACK FOOT
BM ;BM ;USA;BAY MEADOWS
BMF;BMF;USA;BAY MEADOWS FAIR
BND;BND;USA;BANDERA DOWNS
BOI;BOI;USA;LES BOIS PARK
BOW;BOW;USA;BOWIE
BRD;BRD;USA;BLUE RIBBON DOWNS
BRN;BRN;USA;HARNEY COUNTY FAIR
BRO;BRO;USA;BROOKHILL FARM
BSR;FPX;USA;BARRETTS RACE MEET AT FAIRPLEX
BTP;BTP;USA;BELTERRA PARK
CAM;CAM;USA;CAMDEN
CAS;CAS;USA;CASSIA COUNTY FAIR
CBY;CBY;USA;CANTERBURY PARK
CD ;CD ;USA;CHURCHILL DOWNS
CHA;CHA;USA;CHARLESTON
CHL;CHL;USA;CHARLOTTE
CLG;CLG;CAN;TROUT SPRINGS TRAINING CENTER
CLM;CLM;USA;CLEMMONS
CLS;CLS;USA;COLUMBUS
CMR;CMR;PR ;CAMARERO RACE TRACK
CNL;CNL;USA;COLONIAL DOWNS
CPW;CPW;USA;CHIPPEWA DOWNS
CRC;CRC;USA;CALDER RACE COURSE
CT ;CT ;USA;HOLLYWOOD CASINO AT CHARLES TOWN RACES
CWF;CWF;USA;CENTRAL WYOMING FAIR
DAY;DAY;USA;DAYTON
DED;DED;USA;DELTA DOWNS
DEL;DEL;USA;DELAWARE PARK
DEP;DEP;CAN;DESERT PARK
DET;DET;USA;DETROIT RACE COURSE
DG ;DG ;USA;COCHISE COUNTY FAIR @ DOUGLAS
DIX;DIX;USA;DIXIE DOWNS
DMR;DMR;USA;DEL MAR
DUE;DUE;USA;DUELING GROUNDS
DUN;DUN;USA;GREENELEE COUNTY FAIR @ DUNCAN
DXD;DXD;USA;DIXIE DOWNS
ED ;ED ;USA;ENERGY DOWNS
ELC;ELC;PR ;EL COMANDANTE
ELK;ELK;USA;ELKO COUNTY FAIR
ELP;ELP;USA;ELLIS PARK
ELY;ELY;USA;WHITE PINE RACING
EMD;EMD;USA;EMERALD DOWNS
EMT;EMT;USA;EMMETT
EP ;EP ;CAN;EXHIBITION PARK
EUR;EUR;USA;EUREKA
EVD;EVD;USA;EVANGELINE DOWNS
FAI;FAI;USA;FAIR HILL
FAR;FAR;USA;NORTH DAKOTA HORSE PARK
FAX;FAX;USA;FAIRFAX
FE ;FE ;CAN;FORT ERIE
FER;FER;USA;FERNDALE
FG ;FG ;USA;FAIR GROUNDS
FH ;FH ;USA;FAR HILLS
FL ;FL ;USA;FINGER LAKES
FLG;FLG;USA;FLAGSTAFF
FMT;FMT;USA;FAIR MEADOWS
FNO;FNO;USA;FRESNO
FON;FON;USA;FONNER PARK
FP ;FP ;USA;FAIRMOUNT PARK
FPL;FPL;USA;FAIR PLAY PARK
FPX;FPX;USA;FAIRPLEX PARK
FTP;FTP;USA;FORT PIERRE
FX ;FX ;USA;FOXFIELD
GBF;GBF;USA;GREAT BARRINGTON FAIR
GCF;GCF;USA;GILA COUNTY FAIR
GF ;GF ;USA;GREAT FALLS
GG ;GG ;USA;GOLDEN GATE FIELDS
GIL;GIL;USA;GILLESPIE COUNTY FAIRGROUND
GLD;GLD;USA;GREAT LAKES DOWNS
GLN;GLN;USA;GLYNDON
GN ;GN ;USA;GRAND NATIONAL
GP ;GP ;USA;GULFSTREAM PARK
GPR;GPR;CAN;GRANDE PRAIRIE
GPW;CRC;USA;GULFSTREAM PARK WEST
GRD;GRD;CAN;GREENWOOD
GRM;GRM;USA;GREAT MEADOW
GRP;GRP;USA;GRANTS PASS
GS ;GS ;USA;GARDEN STATE PARK
GV ;GV ;USA;GENESEE VALLEY
HAP;HAP;USA;HARBOR PARK
HAW;HAW;USA;HAWTHORNE
HCF;HCF;USA;HUMBOLDT COUNTY FAIR
HIA;HIA;USA;HIALEAH PARK
HLN;HLN;USA;HELENA DOWNS
HOL;HOL;USA;HOLLYWOOD PARK
HOO;HOO;USA;HOOSIER PARK
HOU;HOU;USA;SAM HOUSTON RACE PARK
HP ;HP ;USA;HAZEL PARK
HPO;HPO;USA;HORSEMEN'S PARK
HST;HST;CAN;HASTINGS RACECOURSE
IND;IND;USA;INDIANA GRAND RACE COURSE
JND;JND;USA;JEFFERSON DOWNS
JRM;JRM;USA;JEROME COUNTY FAIR
KAM;KAM;CAN;KAMLOOPS
KD ;KD ;USA;KENTUCKY DOWNS
KEE;KEE;USA;KEENELAND
KIN;KIN;CAN;KIN PARK
KLF;KLF;USA;KLAMATH COUNTY FAIR
KSP;KSP;USA;KALISPELL
LA ;LA ;USA;LOS ALAMITOS
LAD;LAD;USA;LOUISIANA DOWNS
LAM;LAM;USA;LA MESA PARK
LBG;LBG;CAN;LETHBRIDGE
LBT;LBT;USA;LAUREL BROWN RACETRACK
LEV;LEV;USA;LITTLE EVERGLADES
LEX;LEX;USA;LEXINGTON
LGA;LGA;USA;LONGACRES
LNN;LNN;USA;LINCOLN RACE COURSE
LRC;LRC;USA;LOS ALAMITOS RACE COURSE
LRL;LRL;USA;LAUREL PARK
LS ;LS ;USA;LONE STAR PARK
MAF;MAF;USA;MARIAS FAIR
MAL;MAL;USA;MALVERN
MAN;MAN;USA;MANOR DOWNS
MAR;MAR;USA;MARLBORO
MAS;MAS;USA;MASON-DIXON
MC ;MC ;USA;MILES CITY
MD ;MD ;CAN;MARQUIS DOWNS
MDA;MDA;CAN;MELVILLE DISTRICT AGRIPAR
MED;MED;USA;MEADOWLANDS
MEP;MEP;USA;METRAPARK
MF ;MF ;USA;MARSHFIELD FAIR
MGO;MGO;USA;MARENGO PLANTATION
MID;MID;USA;GLENWOOD PARK AT MIDDLEBURG
MIL;MIL;CAN;MILLARVILLE
MLO;MLO;CAN;MILO RACE TRACK
MNR;MNR;USA;MOUNTAINEER CASINO RACETRACK & RESORT
MOF;MOF;USA;MOHAVE COUNTY FAIR
MON;MON;USA;MONKTON
MOR;MOR;USA;MORVEN PARK
MPM;MPM;USA;MT. PLEASANT MEADOWS
MS ;MS ;USA;MILL SPRING
MTH;MTH;USA;MONMOUTH PARK
MTP;MTP;USA;MONTPELIER
MVR;MVR;USA;MAHONING VALLEY RACE COURSE
NMP;NMP;USA;NORTHAMPTON
NP ;NP ;CAN;NORTHLANDS PARK
NS0;NS0;USA;KENTUCKY DOWNS NSA
NVD;NVD;USA;NORTHVILLE DOWNS
OKR;OKR;USA;OAK RIDGE
ONE;ONE;USA;ONEIDA COUNTY FAIR
OP ;OP ;USA;OAKLAWN PARK
OSA;SA ;USA;OAK TREE AT SANTA ANITA
OTC;OTC;USA;OCALA TRAINING CENTER
OTH;HOL;USA;OAK TREE AT HOLLYWOOD PARK
OTP;PLN;USA;OAK TREE AT PLEASANTON
OXM;OXM;USA;OXMOOR
PEN;PEN;USA;PENN NATIONAL
PHA;PHA;USA;PHILADELPHA PARK
PIC;PIC;CAN;PICOV DOWNS
PID;PID;USA;PRESQUE ISLE DOWNS
PIM;PIM;USA;PIMLICO
PLA;PLA;USA;PLAYFAIR
PLN;PLN;USA;PLEASANTON
PM ;PM ;USA;PORTLAND MEADOWS
PMB;PMB;USA;PALM BEACH POLO CLUB
PMT;PMT;USA;PINE MTN-CALLAWAY GARDEN
PNL;PNL;USA;PINNACLE RACE COURSE
POD;POD;USA;POCATELLO DOWNS
PPK;PPK;USA;POMPANO PARK
PPM;PPM;USA;PIKES PEAK MEADOWS
PRE;PRE;USA;PRESCOTT DOWNS
PRM;PRM;USA;PRAIRIE MEADOWS
PRO;PRO;USA;PROSPECT
PRP;PRP;USA;PIT RUN PARK
PRV;PRV;USA;CROOKED RIVER ROUNDUP
PRX;PHA;USA;PARX RACING
PW ;PW ;USA;PERCY WARNER
QD ;QD ;USA;QUEEN CITY DOWNS (QH TRACK)
RAV;RAV;USA;RAVALLI COUNTY FAIR
RB ;RB ;USA;RED BANK
RD ;RD ;USA;RIVER DOWNS
RDA;RDA;CAN;WESTERNER EXH. ASSOC.
RDM;RDM;USA;RED MILE
RDP;RDP;CAN;RED DEER PARK
RET;RET;USA;RETAMA PARK
RIL;RIL;USA;RILLITO
RKM;RKM;USA;ROCKINGHAM PARK
RM ;RM ;USA;ROSS MEADOWS
ROP;ROP;USA;ROUND UP PARK
RP ;RP ;USA;REMINGTON PARK
RPD;RPD;CAN;ROSSBURN PARKLAND DOWNS
RUI;RUI;USA;RUIDOSO DOWNS
RUP;RUP;USA;RUPERT DOWNS
SA ;SA ;USA;SANTA ANITA PARK
SAC;SAC;USA;SACRAMENTO
SAF;SAF;USA;GRAHAM COUNTY FAIR @ SAFFORD
SAL;SAL;USA;SALEM
SAR;SAR;USA;SARATOGA
SDY;SDY;USA;SANDY DOWNS
SFE;SFE;USA;SANTA FE
SH ;SH ;USA;STRAWBERRY HILL
SHW;SHW;USA;SHAWAN DOWNS
SJ ;SJ ;USA;APACHE COUNTY FAIR @ ST. JOHNS
SJD;SJD;USA;SAN JUAN DOWNS
SLR;SLR;USA;SAN LUIS REY TRAINING CENTER
SND;SND;CAN;SUNFLOWER
SOL;SOL;USA;SOLANO
SON;SON;USA;SANTA CRUZ COUNTY FAIR @ SONOITA
SOP;SOP;USA;SOUTHERN PINES
SPG;SPG;USA;ILLINOIS STATE FAIR
SPT;SPT;USA;SPORTSMAN'S PARK
SR ;SR ;USA;SANTA ROSA
SRP;SRP;USA;SUNRAY PARK
STK;STK;USA;STOCKTON
STL;STL;USA;ST LOUIS
STN;STN;USA;STONEYBROOK AT FIVE POINTS
STP;STP;CAN;STAMPEDE PARK
SUD;SUD;USA;SUN DOWNS
SUF;SUF;USA;SUFFOLK DOWNS
SUN;SUN;USA;SUNLAND PARK
SWF;SWF;USA;SWEETWATER DOWNS
TAM;TAM;USA;TAMPA BAY DOWNS
TDN;TDN;USA;THISTLEDOWN
TGD;TGD;USA;TIOGA DOWNS
TIL;TIL;USA;TILLAMOOK COUNTY FAIR
TIM;TIM;USA;TIMONIUM
TP ;TP ;USA;TURFWAY PARK
TRM;TRM;USA;TRINITY MEADOWS
TRY;TRY;USA;TRYON
TS ;TS ;CAN;TROUT SPRINGS
TUP;TUP;USA;TURF PARADISE
UN ;UN ;USA;EASTERN OREGON LIVESTOCK SHOW
UNI;UNI;USA;PENNSYLVANIA HUNT CUP
VEG;VEG;CAN;VEGRIVILLE AGRICULTURAL SOCIETY
WBR;WBR;USA;WEBER DOWNS
WCD;WCD;USA;WELLS CO FAIR
WDS;WDS;USA;THE WOODLANDS
WIL;WIL;USA;WILLOWDALE STEEPLECHASE
WMF;WMF;USA;WESTERN MT FAIR
WNT;WNT;USA;WINTERTHUR
WO ;WO ;CAN;WOODBINE
WPR;WPR;USA;WHITE PINE RACEWAY
WRD;WRD;USA;WILL ROGERS DOWNS
WTS;WTS;USA;WAITSBURG RACE TRACK
WW ;WW ;USA;WALLA WALLA
WYO;WYO;USA;WYOMING DOWNS
YAV;YAV;USA;YAVAPAI DOWNS
YD ;YD ;USA;YELLOWSTONE DOWNS
YKT;YKT;CAN;YORKTON EXH. ASSOC.
YM ;YM ;USA;YAKIMA MEADOWS
YMA;YMA;USA;YUMA COUNTY FAIR
ZIA;ZIA;USA;ZIA PARK
AAL;AAL;DEN;AALBORG
AAR;AAR;SWI;AARAU
ABB;ABB;FR ;ABBEVILLE
ABP;ABP;AUS;BELMONT
ABU;ABU;UAE;ABU DHABI
ABY;ABY;AUS;ALBURY
AC ;AC ;MEX;AGUA CALIENTE
ACH;ACH;AUS;CHELTENHAM
ACV;ACV;FR ;AGON-COUTAINVILLE
AD ;AD ;TUR;ADANA
ADB;ADB;AUS;ADAMINABY
ADI;ADI;OMN;AL ADIYAT
ADR;ADR;AUS;ADELAIDE RIVER
AEP;AEP;FR ;AIX-EN-PROVENCE
AFJ;AFJ;OMN;AL FELAIJ
AGE;AGE;FR ;AGEN
AIN;AIN;ENG;AINTREE
AJA;AJA;FR ;AJACCIO
AL ;AL ;ITY;ALBENGA
ALA;ALA;UAE;AL AIN
ALD;ALD;GER;ALTDORF
ALN;ALN;FR ;ALENCON
ALO;ALO;GER;ALTOTTING
ALX;ALX;AUS;ALEXANDRA
AM ;AM ;ITY;AMELIA
AMI;AMI;FR ;AMIENS
ANC;ANC;AUS;NEWCASTLE
AND;AND;COL;ANDES
ANG;ANG;FR ;ANGERS
ANK;ANK;TUR;YIL ANKARA
ANT;ANT;SPA;ANTELA
APH;APH;AUS;ALPHA
ARA;ARA;JPN;ARAO
ARC;ARC;AUS;ARAMAC
ARD;ARD;AUS;ARDLETHAN
ARG;ARG;FR ;ARGENTAN
ARL;ARL;SAF;ARLINGTON
ARM;ARM;AUS;ARMIDALE
ARR;ARR;FR ;ARRAS
ART;ART;AUS;ARARAT
ASC;ASC;ENG;ASCOT
ASH;ASH;NZ ;ASHBURTON
ASN;ASN;AUS;SANDOWN
ASP;ASP;NZ ;ASCOT PARK
ASR;ASR;AUS;ASCOT
AUC;AUC;NZ ;AUCKLAND
AUG;AUG;AUS;AUGATHELLA
AUL;AUL;FR ;AULLENE
AUR;AUR;GTM;LA AURORA
AUT;AUT;FR ;AUTEUIL
AVC;AVC;AUS;AVOCA SHIRE
AVE;AVE;SWI;AVENCHES
AVI;AVI;FR ;AVIGNON
AVL;AVL;AUS;ADAVALE
AVO;AVO;NZ ;AVONDALE
AVR;AVR;FR ;AVRANCHES
AWA;AWA;NZ ;AWAPUNI
AWP;AWP;NZ ;AWAKINO POINT
AYR;AYR;ENG;AYR
AZL;AZL;ARG;AZUL
BAD;BAD;GER;BADEN BADEN
BAH;BAH;BHR;RASHID EQUESTRIAN CLUB
BAN;BAN;IND;BANGALORE
BAT;BAT;ENG;BATH & SOMERSET COUNTY
BAY;BAY;FR ;BAYEUX
BBG;BBG;AUS;BUNDABERG
BBR;BBR;AUS;BUNBURY
BBT;BBT;AUS;BURRUMBEET
BBY;BBY;FR ;BIARRITZ-BAYONNE
BBZ;BBZ;FR ;BARBEZIEUX
BCH;BCH;AUS;BUCHAN
BCK;BCK;AUS;BARROW CREEK
BDA;BDA;AUS;BUNDARRA
BDN;BDN;AUS;BARADINE
BDR;BDR;AUS;BEDOURIE
BDS;BDS;AUS;BEAUDESERT
BDW;BDW;AUS;BRAIDWOOD
BED;BED;AUS;BEDGERABONG
BEG;BEG;AUS;BEGA
BEN;BEN;AUS;BENDIGO
BET;BET;AUS;BETOOTA
BEV;BEV;ENG;BEVERLEY
BGR;BGR;AUS;BINGARA
BH ;BH ;GER;BAD-HARZBURG
BIL;BIL;GER;BILLIGHEIM
BIN;BIN;AUS;BINNAWAY
BKA;BKA;AUS;BALAKLAVA
BKL;BKL;AUS;BLACKALL
BKT;BKT;AUS;BURKETOWN
BLF;BLF;AUS;BLUFF
BLI;BLI;GER;BLIESKASTEL
BLL;BLL;IRE;BELLEWSTOWN
BLN;BLN;IRE;BALLINROBE
BLR;BLR;AUS;BALRANALD
BNA;BNA;AUS;BANANA
BNG;BNG;KOR;BUSAN GYEONGNAM
BOD;BOD;ENG;BANGOR-ON-DEE
BOP;BOP;NZ ;BAY OF PLENTY
BOR;BOR;FR ;LA TESTE DE BUCH
BOT;BOT;BEL;BOITSFORT
BOU;BOU;AUS;BOULIA
BOV;BOV;FR ;BOUVRON
BPA;BPA;SWE;BRO PARK
BRA;BRA;AUS;BOOROWA
BRB;BRB;AUS;BARRABA
BRC;BRC;AUS;BARCALDINE
BRE;BRE;GER;BREMEN
BRG;BRG;ENG;BRIGHTON
BRH;BRH;AUS;BROKEN HILL
BRI;BRI;AUS;BERRI
BRK;BRK;AUS;BOURKE
BRM;BRM;AUS;BROOME
BRW;BRW;AUS;BREWARRINA
BSM;BSM;FR ;BERCK-SUR-MER
BSP;BSP;FR ;BORDEAUX SPORTIVE
BSS;BSS;FR ;BEAUMONT-SUR-SARTHE
BTC;BTC;BAR;BARBADOS
BTH;BTH;AUS;BATHURST
BTN;BTN;AUS;BELTANA
BUD;BUD;HUN;BUDAPEST
BUG;BUG;FR ;BOUGUENAIS
BUI;BUI;ECU;HIPODROMO BUIJO
BUN;BUN;AUS;BUNGENDORE
BWL;BWL;AUS;BOWRAVILLE
BWR;BWR;AUS;BOWEN RIVER
CA ;CA ;ITY;CAGLIARI
CAB;CAB;ENG;CATTERICK BRIDGE
CAI;CAI;AUS;CAIRNS
CAN;CAN;AUS;CANOWINDRA
CAR;CAR;ENG;CARLISLE
CAU;CAU;AUS;CAULFIELD
CAV;CAV;FR ;CAVAILLON
CAY;CAY;JAM;CAYMANAS PARK
CAZ;CAZ;FR ;CAZAUBON BARBOTAN THERMES
CBB;CBB;AUS;COONABARABRAN
CBC;CBC;AUS;COME-BY-CHANCE
CBG;CBG;FR ;CABOURG
CBL;CBL;AUS;COONAMBLE
CBR;CBR;AUS;COBAR MINERS'
CDL;CDL;FR ;CHATEAU-DU-LOIR
CDM;CDM;MAU;CHAMP DE MARS
CDN;CDN;AUS;CEDUNA
CES;CES;AUS;CESSNOCK
CFT;CFT;AUS;CLIFTON
CGN;CGN;AUS;CUNGENA
CHC;CHC;CHI;CLUB HIPICO DE CONCEPCION
CHD;CHD;ENG;CHELMSFORD CITY
CHE;CHE;ENG;CHESTER
CHF;CHF;FR ;CHATELAIS-L'HOSTELLERIE
CHI;CHI;FR ;CHINON
CHM;CHM;ENG;CHELTENHAM
CHN;CHN;AUS;CHINCHILLA
CHO;CHO;FR ;CHOLET
CHS;CHS;CHI;CLUB HIPICO DE SANTIAGO
CHT;CHT;FR ;CHATEAUBRIANT
CHU;CHU;CZE;CHUCHLE
CHW;CHW;ENG;CHEPSTOW
CHY;CHY;FR ;CHANTILLY
CJD;CJD;BRZ;CIDADE JARDIM
CKT;CKT;AUS;COOKTOWN
CKW;CKW;AUS;CROOKWELL
CLA;CLA;SAF;CLAIRWOOD
CLB;CLB;AUS;COOLABAH
CLC;CLC;AUS;COLLARENEBRI COMBINED
CLE;CLE;AUS;COLERAINE
CLI;CLI;AUS;CLIFFORD PARK
CLN;CLN;IRE;CLONMEL
CLO;CLO;GER;CLOPPENBURG
CLP;CLP;AUS;CALLIOPE
CLR;CLR;AUS;CLERMONT
CLT;CLT;FR ;CERCY-LA-TOUR
CLU;CLU;FR ;CLUNY
CMB;CMB;AUS;CAMBOON
CMP;CMP;FR ;COMPIEGNE
CMW;CMW;AUS;CAMOOWEAL
CNA;CNA;AUS;CANBERRA ACTON
CNB;CNB;AUS;CANBERRA
CNM;CNM;FR ;CONDOM
CNO;CNO;ITY;CASARANO
CNS;CNS;FR ;CHATEAUNEUF SUR CHARENTE
COE;COE;AUS;COEN
COF;COF;AUS;COFF'S
COH;COH;FR ;COMPIEGNE HIPPIQUE
COM;COM;FR ;COMBREE
CON;CON;AUS;CONDOBOLIN
COO;COO;AUS;COOMA
COP;COP;DEN;COPENHAGEN
COR;COR;IRE;CORK
COT;COT;AUS;COOTAMUNDRA
COU;COU;FR ;COURTOMER
COV;COV;ENG;COVENTRY
COW;COW;AUS;COWRA
CP ;CP ;ITY;CAPALBIO
CPG;CPG;FR ;COMPEIGNE
CPL;CPL;AUS;CAPELLA
CPR;CPR;PAN;PRESIDENTE REMON
CR ;CR ;ITY;CORTONA
CRA;CRA;FR ;CRAON
CRD;CRD;AUS;CARINDA
CRF;CRF;AUS;CORFIELD
CRI;CRI;BRZ;CRISTAL
CRO;CRO;NZ ;CROMWELL
CRP;CRP;FR ;CARPENTRAS
CRR;CRR;FR ;CHARTRES
CSC;CSC;FR ;CHATILLON-SUR-CHALARONNE
CSM;CSM;FR ;CAGNES-SUR-MER
CSS;CSS;FR ;CHATEAUNEUF-SUR-SARTHE
CTM;CTM;ENG;CARTMEL
CTN;CTN;FR ;CASTELSARRASIN
CTR;CTR;FR ;CHATEAUROUX
CUE;CUE;AUS;CUE
CUN;CUN;AUS;CUNNAMULLA
CUR;CUR;IRE;CURRAGH
CUX;CUX;GER;CUXHAVEN
CVL;CVL;AUS;COLLINSVILLE
CVR;CVR;FR ;CASTERA-VERDUZAN
CYO;CYO;JPN;CHUKYO
DAJ;DAJ;AUS;DAJARRA HACK
DAL;DAL;AUS;DALBY & NORTHERN DOWNS
DAM;DAM;NZ ;DAMARU
DAR;DAR;NZ ;DARGAVILLE
DAX;DAX;FR ;DAX
DBY;DBY;AUS;DERBY
DCH;DCH;AUS;DUCHESS HACK
DDR;DDR;AUS;DEDERANG
DEA;DEA;FR ;DEAUVILLE
DEG;DEG;AUS;DEAGON
DEN;DEN;AUS;DENILIQUIN
DEV;DEV;ENG;DEVON & EXETER
DGA;DGA;AUS;DONGARA
DHR;DHR;SPA;DOS HERMANAS
DIE;DIE;SWI;DIELSDORF
DIN;DIN;FR ;DINAN
DIR;DIR;AUS;DIRRANBANDI DIGGERS'
DLB;DLB;FR ;DIVONNE-LES-BAINS
DLV;DLV;COL;DE LA VILLA
DMN;DMN;AUS;DENMAN
DNG;DNG;AUS;DINGO
DNK;DNK;AUS;DUNKELD
DOB;DOB;GER;BAD DOBERAN
DOH;DOH;QA ;DOHA
DOL;DOL;ARG;HIPODROMO DE DOLORES
DON;DON;ENG;DONCASTER
DOO;DOO;AUS;DOOMBEN
DOR;DOR;GER;DORTMUND
DOW;DOW;IRE;DOWNPATRICK
DPP;DPP;FR ;DIEPPE
DR ;DR ;IRE;DOWN ROYAL
DRB;DRB;SAF;DURBANVILLE
DRE;DRE;GER;DRESDEN
DRG;DRG;GER;DRENSTEINFURT
DRU;DRU;AUS;DROUIN
DRW;DRW;AUS;DARWIN
DRX;DRX;FR ;DREUX
DUA;DUA;AUS;DUARINGA
DUB;DUB;AUS;DUBBO
DUI;DUI;HOL;DUINDIGT
DUR;DUR;FR ;DURTAL
DUS;DUS;GER;DUSSELDORF
DWT;DWT;AUS;DEEPWATER
EAU;EAU;FR ;EAUZE
EBY;EBY;AUS;ESPERANCE BAY
ECH;ECH;AUS;ECHUCA
ECO;ECO;FR ;ECOMMOY
EDI;EDI;ENG;EDINBURGH
EF ;EF ;AUS;EAGLE FARM
EGM;EGM;NZ ;EGMONT
EGN;EGN;FR ;ENGHIEN
EHP;EHP;AUS;EDENHOPE
EID;EID;AUS;EIDSVOLD
EIN;EIN;AUS;EINASLEIGH
ELB;ELB;FR ;ELBEUF
ELL;ELL;NZ ;ELLERSLIE
ELW;ELW;AUS;ELWICK
EMR;EMR;AUS;EMERALD
ENN;ENN;AUS;ENNGONIA
EPS;EPS;ENG;EPSOM
ERD;ERD;GER;ERDING
ERM;ERM;AUS;EROMANGA
ESK;ESK;AUS;ESK
EVR;EVR;FR ;EVRY
EVX;EVX;FR ;EVREUX
EWN;EWN;AUS;EWAN
EXE;EXE;ENG;EXETER
EXM;EXM;AUS;EXMOUTH
FAH;FAH;IRE;FAIRYHOUSE
FBL;FBL;FR ;FONTAINEBLEAU
FEH;FEH;SWI;FEHRALTORF
FEI;FEI;NZ ;FEILDING
FEN;FEN;FR ;FENEU
FEU;FEU;FR ;FEURS
FIN;FIN;AUS;FINDON
FIR;FIR;ITY;FIRENZE
FKN;FKN;ENG;FAKENHAM
FKS;FKS;JPN;FUKUSHIMA
FLE;FLE;AUS;FLEMINGTON
FLN;FLN;AUS;FLINTON
FLS;FLS;ENG;FFOS LAS
FOL;FOL;ENG;FOLKESTONE
FOR;FOR;AUS;FORBES
FOU;FOU;FR ;FOUGERES
FOX;FOX;NZ ;FOXTON
FPK;FPK;SAF;FLAMINGO PARK
FRA;FRA;SWI;FRAUENFELD
FRK;FRK;GER;FRANKFURT
FRO;FRO;GER;FRONTENHAUSEN
FTZ;FTZ;AUS;FITZROY VALLEY
FUC;FUC;JPN;FUCHU
FUK;FUK;JPN;FUKUYAMA
FUN;FUN;JPN;FUNABASHI
FVW;FVW;SAF;FAIRVIEW
GAB;GAB;FR ;GABARRET
GAL;GAL;IRE;GALWAY
GAN;GAN;GER;GANGKOFEN
GAR;GAR;BAR;GARRISON
GAS;GAS;AUS;GASCOYNE
GAT;GAT;AUS;GATTON
GAW;GAW;AUS;GAWLER
GAY;GAY;AUS;GAYNDAH
GBG;GBG;SWE;GOTHENBURG
GBN;GBN;AUS;GULARGAMBONE
GBW;GBW;AUS;GUNBOWER
GCO;GCO;FR ;GUER-COETQUIDAN
GEE;GEE;AUS;GEELONG
GEM;GEM;FR ;GEMOZAC
GEU;GEU;AUS;GEURIE
GH ;GH ;GER;GELSENKIRCHEN-HORST
GHL;GHL;BEL;MONS-GHLIN
GHT;GHT;UAE;GHANTOOT RACING AND POLO CLUB
GIS;GIS;NZ ;GISBORNE
GLG;GLG;AUS;GILGANDRA
GLI;GLI;AUS;GLEN INNES
GLS;GLS;ENG;GREAT LEIGHS
GND;GND;AUS;GUNDAGAI-ADELONG
GON;GON;AUS;GOONDIWINDI
GOO;GOO;ENG;GOODWOOD
GOS;GOS;SAF;GOSFORTH PARK
GOT;GOT;GER;GOTHA
GOU;GOU;AUS;GOULBRUN
GOW;GOW;IRE;GOWRAN PARK
GPA;GPA;NZ ;GATE PA
GPE;GPE;FR ;GUEMENE-PENFAO
GPM;GPM;FR ;GRANVILLE-ST PAIR SUR MER
GRA;GRA;AUS;GRAFTON
GRF;GRF;AUS;GRIFFITH
GRL;GRL;BEL;GROENENDAEL
GRN;GRN;AUS;GRENFELL
GRT;GRT;FR ;GRAMAT
GRV;GRV;SAF;GREYVILLE
GRW;GRW;AUS;GREAT WESTERN
GSG;GSG;FR ;GRENADE SUR GARONNE
GST;GST;AUS;GOLD COAST
GTN;GTN;AUS;GERALDTON
GTW;GTW;AUS;GEORGETOWN
GUD;GUD;RUS;GUDERMES
GUE;GUE;FR ;GUERLESQUIN
GUL;GUL;AUS;GULGONG
GUN;GUN;AUS;GUNNEDAH
GUY;GUY;FR ;GUYANE
GVA;GVA;BRZ;GAVEA
GYM;GYM;AUS;GYMPIE
HAB;HAB;GER;HASSLOCH
HAK;HAK;JPN;HAKODATE
HAL;HAL;GER;HALLE
HAM;HAM;ENG;HAMILTON PARK
HAN;HAN;GER;HANNOVER
HAR;HAR;ARG;HIPODROMO ARGENTINO DE PALERMO
HAS;HAS;NZ ;HASTINGS
HAV;HAV;CUB;HAVANA
HAY;HAY;ENG;HAYDOCK PARK
HB ;HB ;NZ ;HAWKE'S BAY
HBG;HBG;GER;HAMBURG
HBL;HBL;AUS;HEBEL
HCH;HCH;CHI;HIPODROMO CHILE
HCK;HCK;AUS;HALLS CREEK
HCO;HCO;FR ;HIPPODROME CORSE
HDN;HDN;AUS;HALIDON
HEA;HEA;AUS;HEALESVILLE
HEI;HEI;GER;HEILIGENWALD
HER;HER;ENG;HEREFORD
HEU;HEU;GER;HEUFELD
HEX;HEX;ENG;HEXHAM
HIL;HIL;AUS;HILLSTON
HIM;HIM;JPN;HIMEJI
HIP;HIP;MEX;HIPODROMO DE LAS AMERICAS
HKR;HKR;AUS;HAWKER
HLA;HLA;COL;HIPO LOS ANDES
HMH;HMH;AUS;HOME HILL
HMJ;HMJ;AUS;HINNOMUNJE
HOB;HOB;AUS;HOBART
HOK;HOK;NZ ;HOKITIKA
HON;HON;GER;HONZRATH
HOP;HOP;GER;HOPPEGARTEN
HRC;HRC;AUS;HAMILTON
HRD;HRD;AUS;HARDEN
HRK;HRK;AUS;HANGING ROCK
HSM;HSM;AUS;HORSHAM
HSN;HSN;JPN;HANSHIN
HTN;HTN;ENG;HUNTINGDON
HUH;HUH;AUS;HUGHENDEN
HUP;HUP;ENG;HURST PARK
HV ;HV ;HK ;HAPPY VALLEY
HYD;HYD;IND;HYDERABAD
HYE;HYE;FR ;HYERES
IKN;IKN;AUS;IRON KNOB
ILF;ILF;AUS;ILFRACOMBE
ILL;ILL;FR ;ILLIERS
INJ;INJ;AUS;INJUNE
INN;INN;AUS;INNISFAIL
ISI;ISI;AUS;ISISFORD
ISM;ISM;FR ;ISIGNY-SUR-MER
ISP;ISP;AUS;IPSWICH
ISS;ISS;FR ;L'ISLE-SUR-SORGUE
IST;IST;TUR;VELIEFENDI ISTANBUL
IWA;IWA;JPN;IWAMIZAWA
IZM;IZM;TUR;SIRINYER IZMIR
JAG;JAG;SWE;JAGERSRO
JAL;JAL;FR ;JALLAIS
JAR;JAR;FR ;JARNAC
JCH;JCH;AUS;JERICHO
JCK;JCK;AUS;JULIA CREEK
JEB;JEB;UAE;JEBEL ALI
JNC;JNC;AUS;JUNCTION
JOS;JOS;FR ;JOSSELIN
JTW;JTW;AUS;JAMESTOWN
JUA;JUA;MEX;JUAREZ
JUN;JUN;AUS;JUNDAH
KAB;KAB;GER;KARLSBAD
KAL;KAL;AUS;KALGOORLIE
KAN;KAN;JPN;KANAZAWA
KAS;KAS;JPN;KASAMATSU
KAW;KAW;JPN;KAWASAKI
KAZ;KAZ;RUS;KAZAN
KBG;KBG;AUS;KEMBLA GRANGE
KBN;KBN;IRE;KILBEGGAN
KCT;KCT;AUS;KINGSCOTE
KCY;KCY;AUS;KILCOY
KEL;KEL;ENG;KELSO
KEM;KEM;ENG;KEMPTON PARK
KEN;KEN;SAF;KENILWORTH
KIE;KIE;GER;HOOKSEIL
KIL;KIL;IRE;KILLARNEY
KIM;KIM;AUS;KIMBA
KIS;KIS;AUS;KING ISLAND
KIT;KIT;JPN;KITAMI
KKR;KKR;KSA;KING KHALED RACECOURSE
KLA;KLA;DEN;KLAMPENBORG
KLM;KLM;AUS;KILMORE
KMA;KMA;JPN;KIMIIDERA
KNG;KNG;AUS;KATANNING
KNR;KNR;AUS;KUNUNURRA
KNU;KNU;AUS;KYNUNA
KOC;KOC;JPN;KOCHI
KOJ;KOJ;AUS;KOJONUP
KOK;KOK;JPN;KOKURA
KOL;KOL;GER;KOLN
KRA;KRA;RUS;KRASNODAR
KRE;KRE;GER;KREFELD
KRG;KRG;AUS;KERANG
KRM;KRM;AUS;KRAMBACH
KTH;KTH;AUS;KATHERINE
KUR;KUR;NZ ;KUROW
KVY;KVY;CZE;KARLOVY VARY
KYN;KYN;AUS;KYNETON PARK
KYO;KYO;JPN;KYOTO
LAG;LAG;FR ;LANGON
LAS;LAS;SPA;LASARTE
LAU;LAU;AUS;LAURA
LAY;LAY;IRE;LAYTOWN
LBS;LBS;FR ;BORDEAUX LE BOUSCAT
LC ;LC ;COL;LOS COMUNEROS
LCA;LCA;FR ;LA CAPELLE
LCH;LCH;FR ;LONGCHAMP
LCK;LCK;AUS;LOCK
LCL;LCL;FR ;LE CROISE-LAROCHE
LCN;LCN;ENG;LINCOLN PARK
LCS;LCS;FR ;LA CHARTRE-SUR-LE-LOIR
LEB;LEB;GER;LEBACH
LEE;LEE;AUS;LEETON
LEI;LEI;ENG;LEICESTER
LEL;LEL;FR ;LE LUDE
LEO;LEO;IRE;LEOPARDSTOWN
LEQ;LEQ;FR ;LE QUESNOY
LET;LET;FR ;LE TOUQUET
LFB;LFB;FR ;LA FERTE BERNARD
LFD;LFD;AUS;LONGFORD
LFM;LFM;FR ;LA FERTE-MACE
LGB;LGB;FR ;LA GUERCHE-DE-BRETAGNE
LGF;LGF;FR ;LE-GRAND-FOUGERAY
LGN;LGN;FR ;LA GUERCHE-NEVERS
LGR;LGR;AUS;LAKE GRACE
LIB;LIB;FR ;LIBOURNE
LIG;LIG;FR ;LIGNIERES
LIM;LIM;IRE;LIMERICK
LIN;LIN;ENG;LINGFIELD
LIS;LIS;IRE;LISTOWEL
LIV;LIV;ENG;LIVERPOOL
LKH;LKH;AUS;LOCKHART
LLB;LLB;FR ;LE LOUROUX-BECONNAIS
LLD;LLD;FR ;LE LION D'ANGERS
LME;LME;FR ;LE MAY-SUR-EVRE
LMH;LMH;AUS;LARRIMAH
LMJ;LMJ;IRE;LIMERICK JUNCTION
LML;LML;FR ;LA MARTYRE-LANDERNEAU
LMN;LMN;FR ;LE MANS
LMR;LMR;FR ;LE MERLERAULT
LND;LND;FR ;LES ANDELYS
LNO;LNO;ITY;LIVORNO
LNZ;LNZ;FR ;LANNEMEZAN
LOJ;LOJ;FR ;LONGUE-JUMELLES
LOU;LOU;FR ;LOUDEAC
LP ;LP ;ARG;LA PLATA
LPE;LPE;FR ;LE PERTRE
LPH;LPH;FR ;LE PIN-AU-HARAS
LPM;LPM;URU;LAS PIEDRAS AT MARONAS
LPR;LPR;FR ;LESPARRE
LPX;LPX;ARG;LA PLATA
LR ;LR ;VEN;LA RINCONADA
LRA;LRA;AUS;LAURA
LRG;LRG;AUS;LIGHTNING RIDGE
LRP;LRP;FR ;LA ROCHE-POSAY
LRY;LRY;FR ;LA ROCHE-SUR-YONNE
LSO;LSO;FR ;LES SABLES-D'OLONNE
LSP;LSP;FR ;LE SAP
LTH;LTH;AUS;LOUTH
LTN;LTN;AUS;LAVERTON
LUC;LUC;FR ;LUCON
LUD;LUD;ENG;LUDLOW CLUB
LUX;LUX;FR ;LUXE
LUZ;LUZ;SWI;LUZERN
LYO;LYO;FR ;LYON
LYP;LYP;FR ;LYON-PARILLY
LYV;LYV;FR ;LYON LA SOIE
MAB;MAB;AUS;MOURA
MAC;MAC;FR ;MACHECOUL
MAG;MAG;GER;MAGDEBURG
MAH;MAH;IND;MAHALAKSHMI
MAI;MAI;SWI;MAIENFELD
MAK;MAK;NZ ;MAKARAKA
MAM;MAM;FR ;MAMERS
MAP;MAP;FR ;MORTAGNE-AU-PERCHE
MAT;MAT;NZ ;MATAMATA
MAU;MAU;FR ;MAURON
MAW;MAW;NZ ;MANAWATU
MAX;MAX;AUS;MAXWELTON
MB ;MB ;AUS;MURRAY BRIDGE
MBH;MBH;AUS;MORANBAH
MBR;MBR;AUS;MARBLE BAR
MCH;MCH;GER;MUNCHEN
MCK;MCK;AUS;MCKINLAY
MCL;MCL;FR ;MACON-CLUNY
MDB;MDB;FR ;MAURE-DE-BRETAGNE
MDG;MDG;AUS;MUDGEE
MDM;MDM;FR ;MESLAY-DU-MAINE
MDP;MDP;ARG;MAR DEL PLATA
MDR;MDR;FR ;MONTENDRE
MDU;MDU;FR ;MONDOUBLEAU
MDZ;MDZ;ARG;MENDOZA
MEE;MEE;AUS;MEEKATHARRA
MEI;MEI;GER;MEISSENHEIM
MEN;MEN;AUS;MENDOORAN
MEX;MEX;MEX;MEXICO CITY
MEY;MEY;UAE;MEYDAN RACECOURSE
MGR;MGR;AUT;MAGNA RACINO
MGT;MGT;AUS;MT. GARNET
MGY;MGY;AUS;MUNGERY
MIE;MIE;GER;MIESAU
MIJ;MIJ;SPA;MIJAS
MIN;MIN;AUS;MINGELA
MIZ;MIZ;JPN;MIZUSAWA
MJN;MJN;CHN;MENGJUN RACE COURSE
MKY;MKY;AUS;MACKAY
ML ;ML ;FR ;MAISONS-LAFFITTE
MLD;MLD;AUS;MILDURA
MLM;MLM;FR ;MOULINS-LA-MARCHE
MLW;MLW;IRE;MALLOW
MMA;MMA;FR ;MONT-DE-MARSAN
MND;MND;AUS;MENINDEE
MNE;MNE;FR ;MONTLUCON-NERIS
MNG;MNG;AUS;MORNINGTON
MNI;MNI;AUS;MUNGINDI
MNS;MNS;FR ;MANSLE
MNT;MNT;FR ;MANCIET
MNW;MNW;AUS;MINGENEW
MOA;MOA;AUS;MOAMA
MOE;MOE;AUS;MOE
MOL;MOL;FR ;MOLIERES
MOM;MOM;JPN;MOMBETSU
MOO;MOO;AUS;MOONEE VALLEY
MOS;MOS;RUS;MOSCOW
MOT;MOT;NZ ;MOTUKARARA
MOU;MOU;FR ;MOULINS
MOW;MOW;AUS;MOWBRAY
MP ;MP ;ITY;ACQUAVIVA DI MONTEPULCIANO
MPV;MPV;FR ;MARSEILLE PONT DE VIVAUX
MPZ;MPZ;FR ;MONPAZIER
MR ;MR ;ENG;MARKET RASEN
MRA;MRA;AUS;MOORA
MRB;MRB;AUS;MAREEBA
MRE;MRE;AUS;MOREE
MRG;MRG;AUS;MURGOO
MRK;MRK;GR ;MARKOPOULO
MRN;MRN;URU;MARONAS
MRR;MRR;AUS;MERRIWA
MRS;MRS;FR ;MARSEILLE BORELY
MRT;MRT;AUS;MORTLAKE
MRV;MRV;AUS;MORVEN
MRW;MRW;AUS;MORAWA
MRY;MRY;AUS;MORUYA
MSD;MSD;ECU;MIGUEL SALEM DIBO
MST;MST;CZE;MOST
MSW;MSW;AUS;MUSWELLBROOK
MTI;MTI;AUS;MT. ISA
MTL;MTL;FR ;MONTMIRAIL
MTM;MTM;AUS;MT. MAGNET
MTN;MTN;AUS;MANANGATANG
MTO;MTO;AUS;MONTO
MTS;MTS;AUS;MT. SURPRISE
MTT;MTT;NZ ;MASTERTON
MUL;MUL;GER;MULHEIM
MUM;MUM;IND;MUMBAI
MUR;MUR;AUS;MURTOA
MUS;MUS;ENG;MUSSELBURGH
MUT;MUT;AUS;MUTTABURRA
MVT;MVT;FR ;MONTREVAULT
MWB;MWB;AUS;MURWILLUMBAH
MYS;MYS;IND;MYSORE
NAA;NAA;IRE;NAAS
NAB;NAB;ENG;NEWTON ABBOT
NAD;NAD;UAE;NAD AL SHEBA
NAG;NAG;JPN;NAGOYA
NAK;NAK;JPN;NAKAYAMA
NAN;NAN;FR ;NANTES
NAP;NAP;ITY;NAPLES
NAV;NAV;IRE;NAVAN
NBY;NBY;ENG;NEWBURY
NC ;NC ;ENG;NEWCASTLE
NCA;NCA;NZ ;N. CANTERBURY
NDR;NDR;CHN;NINE DRAGONS HILL RACE COURSE
NEB;NEB;FR ;NEUFCHATEL-EN-BRAYE
NEM;NEM;GER;NEUMARKT
NEU;NEU;GER;NEUSS
NEW;NEW;ENG;NEWMARKET
NGI;NGI;AUS;NEGRI
NGN;NGN;AUS;NARROGIN
NHL;NHL;AUS;NHILL
NII;NII;JPN;NIIGATA
NIM;NIM;FR ;NIMES
NIO;NIO;FR ;NIORT
NKA;NKA;JPN;NAKATSU
NKT;NKT;SAF;NEWMARKET
NL ;NL ;ITY;NOVI LIGURE
NLK;NLK;RUS;NALCHIK
NME;NME;AUS;NARROMINE
NMN;NMN;AUS;NEWMAN
NNC;NNC;FR ;NANCY
NNG;NNG;AUS;NANANGO
NOC;NOC;AUS;NOCCUNDRA
NOE;NOE;GER;NORDLINGEN
NOO;NOO;AUS;NOORAMA
NOR;NOR;AUS;NORMANTON
NOT;NOT;ENG;NOTTINGHAM
NOU;NOU;FR ;NOUVELLE CALEDONIE
NOW;NOW;AUS;NOWRA
NOZ;NOZ;FR ;NOZAY
NPL;NPL;NZ ;NEW PLYMOUTH
NPP;NPP;FR ;NEUILLE-PONT-PIERRE
NRA;NRA;AUS;NARACOORTE
NRB;NRB;AUS;NARRABRI
NRS;NRS;AUS;NORSEMAN
NSE;NSE;FR ;NORT-SUR-ERDRE
NSL;NSL;FR ;NUEIL-SUR-LAYON
NSV;NSV;FR ;NUILLE-SUR-VICOIN
NTH;NTH;AUS;NORTHAM
NUS;NUS;GER;NUSSDORF
NYA;NYA;AUS;NYABING
NYN;NYN;AUS;NYNGAN
NZC;NZC;NZ ;CANTERBURY
OAK;OAK;AUS;OAKBANK
OAM;OAM;NZ ;OAMARU
OBI;OBI;JPN;OBIHIRO
OGM;OGM;AUS;OGMORE
OHI;OHI;JPN;OHI
OI ;OI ;JPN;OOI
OKH;OKH;AUS;OAKLANDS
OKI;OKI;NZ ;OTAKI
OKL;OKL;AUS;OAKLEY
OKY;OKY;AUS;OAKEY
OLL;OLL;NZ ;OLD ELLERSLIE
OMK;OMK;NZ ;OMAKAU
OMO;OMO;NZ ;OMOTO
ONG;ONG;FR ;ORANGE
ONW;ONW;AUS;ONSLOW
OOT;OOT;IND;OOTACAMUND
OPK;OPK;AUS;OAK PARK
OPU;OPU;NZ ;OPUNAKE
OR ;OR ;ITY;ORVIETO
ORL;ORL;FR ;ORLEANS
OST;OST;BEL;OOSTENDE
OTA;OTA;NZ ;OTAGO
OTI;OTI;NZ ;OTAKI-MAORI
OVR;OVR;NOR;OVREVOLL
PA ;PA ;DOM;PERLAS ANTILLANAS
PAE;PAE;NZ ;PAEROA
PAM;PAM;AUS;PAMBULA
PAR;PAR;CZE;PARDUBICE
PAS;PAS;FR ;PAU ST-CH
PAU;PAU;FR ;PAU
PCK;PCK;AUS;PINE CREEK
PE ;PE ;ITY;PESARO
PIJ;PIJ;AUS;PINJARRA
PIN;PIN;AUS;PINGRUP
PIS;PIS;ITY;PISA
PKK;PKK;NZ ;PUKEKURA
PKN;PKN;AUS;RACING.COM PAKENHAM RACECOURSE
PLB;PLB;AUS;PILBARA
PLE;PLE;FR ;PLESSE
PLG;PLG;FR ;PLESTIN-LES-GREVES
PLM;PLM;FR ;PARAY-LE-MONIAL
PLO;PLO;FR ;PLOERMEL
PLP;PLP;NZ ;PHAR LAP
PLU;PLU;ENG;PLUMPTON
PMQ;PMQ;AUS;PORT MACQUARIE
PNC;PNC;FR ;PONTCHATEAU
PNG;PNG;AUS;PENONG
PNS;PNS;FR ;PONS
PNT;PNT;AUS;PENTLAND
POC;POC;GER;POCKING
POI;POI;FR ;POITIERS
POM;POM;FR ;POMPADOUR
PON;PON;ENG;PONTEFRACT
POO;POO;AUS;POONCARIE
POR;POR;FR ;PORNICHET-LA BAULE
PP ;PP ;IRE;PHOENIX PARK
PR ;PR ;PR ;PUERTO RICO
PRA;PRA;CZE;PRAGUE
PRK;PRK;AUS;PARKES
PRR;PRR;AUS;PRAIRIE
PRU;PRU;FR ;PRUNELLI DI FIUMORBO
PTA;PTA;AUS;PORT AUGUSTA
PTH;PTH;ENG;PERTH HUNT
PTL;PTL;AUS;PORT LINCOLN
PTP;PTP;AUS;PORT PIRIE
PTT;PTT;NZ ;PATTERSON PARK
PTY;PTY;POL;PARTYNICE
PUK;PUK;NZ ;PUKEKOHE PARK
PUN;PUN;IRE;PUNCHESTOWN
PVA;PVA;FR ;PLENEUF-VAL-ANDRE
PVE;PVE;FR ;PORTO VECCHIO
PYA;PYA;RUS;PYATIGORSK
QBY;QBY;AUS;QUEANBEYAN
QC ;QC ;DOM;QUINTO CENTENARIO
QPS;QPS;TRI;QUEEN'S PARK SAVANNAH
QRN;QRN;AUS;QUORN
QUA;QUA;GER;QUAKENBRUCK
QUB;QUB;AUS;QUAMBONE
QUE;QUE;FR ;QUESTEMBERT
QUL;QUL;AUS;QUILPIE
QUM;QUM;AUS;QUAMBY
QUR;QUR;AUS;QUIRINDI
RAB;RAB;MOR;RABAT
RAL;RAL;VEN;RANCHO ALEGRE
RAM;RAM;FR ;RAMBOUILLET
RAN;RAN;AUS;RANDWICK
RAS;RAS;ENG;ROYAL ASCOT
RBN;RBN;AUS;ROEBOURNE
RBS;RBS;THA;ROYAL BANGKOK SPORTS CLUB
RCH;RCH;AUS;ROCHESTER
RCP;RCP;NZ ;RICHMOND PARK
RDG;RDG;AUS;RIDGELANDS
RED;RED;ENG;REDCAR
REE;REE;NZ ;REEFTON
REI;REI;GER;REIT IM WINKL
REN;REN;AUS;RENNER SPRINGS
RI ;RI ;ITY;RIMINI
RIC;RIC;NZ ;RICCARTON PARK
RIO;RIO;ARG;RIO CUARTO
RIP;RIP;ENG;RIPON
RIV;RIV;NZ ;RIVERTON
RJF;RJF;SAF;RANDJESFONTEIN
RKA;RKA;NZ ;RUAKAKA
RLP;RLP;FR ;ROYAN LA PALMYRE
ROC;ROC;AUS;ROCKHAMPTON
ROH;ROH;AUS;ROSEHILL
ROM;ROM;ITY;ROME
ROS;ROS;IRE;ROSCOMMON
ROT;ROT;NZ ;ROTORUA
ROU;ROU;FR ;ROUEN
ROX;ROX;AUS;ROXBY DOWNS
RSL;RSL;FR ;ROCHEFORT-SUR-LOIRE
RSM;RSM;FR ;ROCHEFORT-SUR-MER
RTC;RTC;THA;ROYAL TURF CLUB OF THAILAND
SAB;SAB;SPA;SAN SEBASTIAN
SAG;SAG;JPN;SAGA
SAN;SAN;ENG;SANDOWN PARK
SAP;SAP;BRZ;JOCKEY CLUB OF SAO PAULO (QH)
SAU;SAU;FR ;SAUMUR
SAV;SAV;FR ;SAVENAY
SBR;SBR;FR ;SAINT-BRIEUC
SC ;SC ;ITY;SAN COSIMO E DAMIANO
SCA;SCA;NZ ;S. CANTERBURY
SCH;SCH;HOL;SCHAESBERG
SCK;SCK;AUS;STONY CREEK
SCN;SCN;AUS;SCONE
SCO;SCO;SAF;SCOTTSVILLE
SCT;SCT;AUS;SUNSHINE COAST
SDG;SDG;FR ;SAINT-DENIS-DE-GASTINES
SDT;SDT;FR ;SAINT-OUEN-DES-TOITS
SED;SED;ENG;SEDGEFIELD
SEG;SEG;FR ;SEGRE
SEL;SEL;MAL;SELANGOR
SEO;SEO;KOR;SEOUL
SEV;SEV;SPA;SEVILLA
SEY;SEY;AUS;SEYMOUR
SG ;SG ;ITY;SAN GIOVANNI
SHH;SHH;FR ;SAINT HILAIRE DU HARCOUET
SI ;SI ;ARG;SAN ISIDRO
SIN;SIN;SIN;KRANJI
SJM;SJM;FR ;SAINT-JEAN-DE-MONTS
SJU;SJU;ARG;SAN JUAN
SKB;SKB;AUS;STREAKY BAY
SLB;SLB;FR ;SAUMUR-LE-BREIL
SLG;SLG;FR ;SILLE-LE-GUILLAUME
SLI;SLI;IRE;SLIGO
SLL;SLL;FR ;SEICHES-SUR-LE-LOIR
SLO;SLO;FR ;SAINT-LO
SLP;SLP;PHI;SAN LAZARO LEISURE PARK
SLU;SLU;POL;SLUZEWIEC
SMD;SMD;AUS;STAMFORD
SML;SML;FR ;SAINT-MAIXENT-L'ECOLE
SMT;SMT;AUS;SMITHTON
SNH;SNH;AUS;LADBROKES PARK SANDOWN HILLSIDE
SNL;SNL;AUS;SANDOWN LAKESIDE
SNP;SNP;FR ;SENONNES-POUANCE
SOR;SOR;BRZ;JOCKEY CLUB OF SOROCABA
SOU;SOU;ENG;SOUTHWELL
SP ;SP ;TRI;SHIRVAN PARK
SPC;SPC;FR ;SAINT-PIERRE-LA-COUR
SPD;SPD;FR ;SAINT-PIERRE-SUR-DIVES
SPK;SPK;AUS;SALTBUSH PARK
SPL;SPL;FR ;SAINT-POL-DE-LEON
SPR;SPR;FR ;SAINT PAIR
SPY;SPY;AUS;SPREYTON
SRI;SRI;VEN;SANTA RITA
SRT;SRT;AUS;SURAT
SS ;SS ;ITY;SASSARI
SSC;SSC;FR ;SERRA DI SCOPAMENE
SSL;SSL;FR ;SAINT-SATURNIN-DU-LIMET
SSO;SSO;ITY;IPPODROMO DI SAN SIRO
SSR;SSR;AUS;SPRINGSURE
SSS;SSS;FR ;SABLE-SUR-SARTHE
ST ;ST ;HK ;SHA TIN
STA;STA;ENG;STRATFORD ON AVON
STB;STB;AUS;STRATHALBYN
STC;STC;FR ;SAINT CLOUD
STE;STE;BEL;STERREBEEK
STF;STF;ARG;SANTA FE
STM;STM;FR ;SAINT-MALO
STR;STR;FR ;STRASBOURG
STS;STS;FR ;SAINTES
STV;STV;GER;STOVE IN HAMBURG
STW;STW;AUS;STAWELL
SWC;SWC;AUS;SWIFTS CREEK
SWH;SWH;AUS;SWAN HILL
TAB;TAB;SWE;TABY
TAK;TAK;JPN;TAKASAKI
TAL;TAL;AUS;TALMOI
TAN;TAN;ARG;HIPODROMO DE TANDIL
TAP;TAP;NZ ;TAUPO
TAR;TAR;BRZ;TARUMA
TAT;TAT;AUS;TATURA
TAU;TAU;ENG;TAUNTON
TBY;TBY;AUS;TUMBY BAY
TC ;TC ;ITY;TAGLIACOZZO
TCK;TCK;AUS;TENNANT CREEK
TEA;TEA;NZ ;TE AROHA
TEC;TEC;COL;TECHO
TEK;TEK;NZ ;TE TEKO
TEP;TEP;ENG;TEESSIDE PARK
TER;TER;NZ ;TE RAPA
TEW;TEW;NZ ;TE AWAMUTU
TEX;TEX;AUS;TEXAS
TFF;TFF;SAF;TURFFONTEIN
THA;THA;NZ ;THAMES
THE;THE;AUS;THEODORE
THI;THI;ENG;THIRSK
THL;THL;AUS;TOWER HILL
THN;THN;AUS;THANGOOL
THO;THO;FR ;THOUARS
THU;THU;IRE;THURLES
TIA;TIA;MEX;TIAJUANA
TIP;TIP;IRE;TIPPERARY
TKA;TKA;NZ ;TE KAPUA
TKP;TKP;NZ ;TE KUPENGA
TKU;TKU;NZ ;TAUHERENIKAU
TLB;TLB;AUS;TULLIBIGEAL
TLW;TLW;AUS;TALWOOD
TMB;TMB;AUS;TAMBO
TMC;TMC;AUS;TIMBER CREEK
TMG;TMG;AUS;TOMINGLEY
TMP;TMP;AUS;TOM PRICE
TMT;TMT;AUS;TUMUT
TMU;TMU;NZ ;TIMARU
TNK;TNK;NZ ;TARANAKI
TOB;TOB;TRI;TOBAGO
TOC;TOC;AUS;TOCUMWAL
TOD;TOD;AUS;TOODYAY
TOK;TOK;JPN;TOKYO
TOO;TOO;AUS;TOOWOOMBA
TOR;TOR;ITY;TOR DI QUINTO
TOU;TOU;FR ;TOULOUSE
TOW;TOW;ENG;TOWCESTER
TPN;TPN;NZ ;TAPANUI
TQ ;TQ ;ITY;TOR DI QUINTO
TRA;TRA;IRE;TRALEE
TRC;TRC;FR ;THOUARCE
TRE;TRE;NZ ;TRENTHAM
TRN;TRN;AUS;TRANGIE
TRO;TRO;ITY;TORINO
TRS;TRS;FR ;TOURS
TRU;TRU;AUS;TRUNDLE
TSP;TSP;AUS;THREE SPRINGS
TTH;TTH;AUS;TOTTENHAM
TUC;TUC;ARG;TUCUMAN
TUL;TUL;AUS;TULLAMORE
TUM;TUM;AUS;TUMBARUMBA
TUN;TUN;AUS;TUNCURRY
TV ;TV ;ITY;TREVISO
TWG;TWG;AUS;TOWONG
TWH;TWH;AUS;TWIN HILLS
UDH;UDH;IND;UDHAGAMANDALAM
UP ;UP ;TRI;UNION PARK
UTS;UTS;JPN;UTSUNOMIYA
UTT;UTT;ENG;UTTOXETER
VAA;VAA;SAF;VAAL
VAL;VAL;VEN;VALENCIA
VAN;VAN;FR ;VANNES
VAR;VAR;ITY;VARESE
VBI;VBI;FR ;VIC-BIGORRE
VCY;VCY;FR ;VICHY
VDM;VDM;FR ;VILLENEUVE-DE-MARSAN
VDT;VDT;ARG;VENADO TUERTO
VEE;VEE;GER;VEEN
VEL;VEL;GER;VELDEN
VEN;VEN;FR ;VENACO
VES;VES;FR ;VESOUL
VFE;VFE;FR ;VIC-FEZENSAC
VHY;VHY;FR ;VICHY
VI ;VI ;ITY;VIGNANELLO
VIE;VIE;AUT;VIENNA
VIM;VIM;FR ;VIMOUTIERS
VIR;VIR;FR ;VIRE
VIT;VIT;FR ;VITRE
VP ;VP ;AUS;VICTORIA PARK
VRN;VRN;FR ;VERNON
VSC;VSC;CHI;VALPARAISO SPORTING CLUB
VSL;VSL;FR ;VILLENEUVE-SUR-LOT
VTL;VTL;FR ;VITTEL
VTX;VTX;FR ;VITTEAUX
VYS;VYS;FR ;VICHY SOIR
WAD;WAD;GER;WARENDORF
WAG;WAG;AUS;WAGGA
WAI;WAI;NZ ;WAIKATO
WAK;WAK;NZ ;WAIKOUAITI
WAL;WAL;GER;WALLDORF
WAM;WAM;NZ ;WAIMATE
WAN;WAN;NZ ;WANGANUI
WAP;WAP;NZ ;WAIPUKURAU
WAR;WAR;ENG;WARWICK
WAS;WAS;NZ ;WASHDYKE
WAT;WAT;NZ ;WATERLEA
WAV;WAV;NZ ;WAVERLEY
WCH;WCH;AUS;WALCHA
WCP;WCP;AUS;WAUCHOPE
WDA;WDA;AUS;WALLABADAH
WDD;WDD;AUS;WOODEND
WDH;WDH;AUS;WINDORAH
WEA;WEA;AUS;WEAN
WEL;WEL;NZ ;WELLINGTON
WEN;WEN;AUS;WENTWORTH
WER;WER;AUS;WERRIBEE
WES;WES;NZ ;WESTPORT
WET;WET;ENG;WETHERBY
WEX;WEX;IRE;WEXFORD
WF ;WF ;AUS;WARWICK FARM
WHY;WHY;AUS;WHYALLA
WIN;WIN;ENG;WINCANTON
WIS;WIS;FR ;WISSEMBOURG
WIT;WIT;AUS;WITTENOOM GORGE
WKB;WKB;AUS;WARRACKNABEAL
WLD;WLD;AUS;WARIALDA
WLG;WLG;AUS;WALGETT
WLL;WLL;AUS;WELLINGTON
WLN;WLN;AUS;WILUNA
WLP;WLP;AUS;WILPEENA
WMA;WMA;AUS;WOOLAMAI
WNB;WNB;AUS;WARRNAMBOOL
WND;WND;AUS;WANDOAN
WNG;WNG;AUS;WINGHAM
WNN;WNN;AUS;WINNING
WOD;WOD;AUS;WODONGA
WOL;WOL;ENG;WOLVERHAMPTON
WON;WON;AUS;WONDAI
WOO;WOO;NZ ;WOODVILLE
WOR;WOR;ENG;WORCESTER
WOW;WOW;AUS;WOWAN
WPA;WPA;NZ ;WAIPA
WRA;WRA;NZ ;WAIROA
WRR;WRR;AUS;WARREN
WRW;WRW;AUS;WARWICK
WYA;WYA;AUS;WYANDRA
WYC;WYC;AUS;MOUNT WYCHEPROOF
WYN;WYN;NZ ;WYNDHAM
XXX;XXX;XXX;UNKNOWN TRACK
YAL;YAL;AUS;YALGOO
YAR;YAR;ENG;GREAT YARMOUTH
YAS;YAS;AUS;YASS
YEA;YEA;AUS;YEA
YEP;YEP;AUS;YEPPOON
YGH;YGH;AUS;YARRA GLEN & LILYDALE HC
YGL;YGL;AUS;YARRA GLEN
YKA;YKA;AUS;YARAKA
YNG;YNG;AUS;YOUNG
YOR;YOR;ENG;YORK
YRK;YRK;AUS;YORK
YVL;YVL;AUS;YARRA VALLEY
ZAR;ZAR;SPA;LA ZARZUELA
ZON;ZON;FR ;ZONZA
ZWE;ZWE;GER;ZWEIBRUCKEN